rank,name,solved,recent
1,(jaehyunp),588,0
2,hongraejo,412,1581
3,shinminseon,331,0
4,ainu7,330,899
5,allenjeon,324,5
6,sungmin817,311,84
7,(ssk),307,842
8,emppu,262,118
9,(sunleonid),261,1499
10,kcm1700,257,1266
11,thkang,243,1746
12,muse,240,23
13,JiminP,238,1406
14,noxnia,234,486
15,Bubbler,232,316
16,kanie,230,439
17,Baekjoon,228,766
18,Doju,220,299
19,ipkn,218,1276
20,communia,210,1697
21,zlzmsrhak,209,196
22,Iris_harp,208,2347
23,petdrow,206,490
24,(lakshimi),205,645
25,sharb,204,2777
26,l10veu,202,2555
27,changrak,201,304
28,00,199,1433
29,jjhangu2,199,733
30,stenhammar,193,3481
31,eyTns,193,539
32,svchost.exe,193,166
33,uws8505,189,3355
34,(mecatos95d),188,1049
35,cfranck,187,0
36,bumsook,186,114
37,veshboo,184,173
38,udaque,181,1597
39,alexum,180,11
40,(wooyekim),178,1915
41,skim0119,177,33
42,optimizerjerry,176,2964
43,p.istrati,176,1859
44,Breakun,170,1297
45,lem,165,1420
46,ddaker,164,2497
47,Unused,164,460
48,jh05013,162,77
49,Teferi,161,3014
50,gok01172,160,2720
51,yongwhan,160,1133
52,kimrip,158,1002
53,choyb,157,3064
54,pjsdream,157,1112
55,zhuny,157,288
56,Frizzle,157,274
57,dalpaeng2,156,1022
58,(j1wan),153,712
59,Jungkeun,152,762
60,hillcanon,149,272
61,kjw0612,147,3164
62,absenty,142,2894
63,veblush,141,1958
64,tjfktj,141,797
65,larez,140,586
66,kyumyonglee,140,565
67,ychoi100,137,1392
68,(juncoder),134,1047
69,Kyoseon,133,2925
70,yadi0119,132,1643
71,HeeM,132,500
72,kgw0507,131,2582
73,hij8765,131,1546
74,colorized,131,510
75,(sy0414),130,740
76,Sait2000,130,43
77,bam8695,129,1077
78,hoo,128,2295
79,gsm291,128,2212
80,sehee382,127,2628
81,kazel,127,1278
82,rein01,125,3318
83,frigen,125,1792
84,go_to_dmc,125,709
85,dareun.geum,124,153
86,daewonyoon,123,859
87,daegeon,123,6
88,lifthrasiir,122,2427
89,(kth3321),121,2277
90,(chiwook),118,2052
91,kheled,117,2940
92,sutekine,117,2141
93,J.H.M.,117,89
94,EnDorphin,116,2075
95,(Byungwoo.Jeon),116,241
96,(kinetc),116,1
97,kyduke,114,181
98,DG,112,3195
99,falsetru,111,2963
100,yangbak,111,2064
101,neurome,110,1528
102,tpzcln,110,1351
103,insikk,110,1201
104,Abalcon,110,1076
105,Ainodyne,109,613
106,astein,108,354
107,teddywith,107,3129
108,PhoBiA,107,1204
109,hongsch1,107,249
110,xenosoz,106,2241
111,cdg720,106,2017
112,4135667,106,685
113,ntalbs,106,311
114,panda,105,1532
115,(pse1202),105,815
116,ehooizlo,104,1550
117,keugbang,104,352
118,dlimpid,103,2619
119,bosscq,102,1039
120,whitehwarang,102,294
121,libe,101,2085
122,joinsung,100,3680
123,sim0629,100,2717
124,nullstein,100,2468
125,(kparkeuler),100,53
126,(dalgu),100,16
127,ewmkkpe,98,2235
128,(ensual),98,2083
129,kiyohwan,97,1572
130,younghan,97,290
131,helicity,97,16
132,KimHoSik,96,3300
133,sangpaz,96,887
134,friend1226,96,175
135,(123harim),95,1160
136,dotorya,95,417
137,rai,94,2434
138,hwijung,94,510
139,desti,93,1992
140,king--kong,91,603
141,struessel,90,2045
142,epjs0126,90,1969
143,hitel00000,89,3559
144,skxmremd,89,1595
145,techshare,88,2243
146,laputan,88,2231
147,nineclue,88,183
148,pkim,87,3351
149,marocchino,87,3112
150,purluno,87,3037
151,junwhan,87,2458
152,wonyoung,87,1615
153,sanhalee,87,1538
154,thechaos16,87,892
155,KAKaMK,86,3122
156,gs13068,86,1552
157,(hodduc),86,418
158,chokobole,85,3425
159,kivol,85,3307
160,chattee,85,453
161,key262yek,85,191
162,wonsik,84,1722
163,sjnam,84,1662
164,Hydrogen,84,1070
165,(wichgreen),83,2849
166,kaisyu,83,2827
167,(eulpine),83,1021
168,puella1204,83,1012
169,flagj,83,352
170,dhkim16,82,1852
171,(ksthiv),82,1574
172,T.Eom,81,3250
173,hck5209,81,2690
174,milkskin,81,1858
175,EffectiveService,81,1790
176,woongy,80,1943
177,bdares,80,964
178,About-Blank,80,325
179,danox,79,3136
180,inzilion,79,2478
181,souldreamer,79,2333
182,jeonbyungwoo,79,965
183,kjk850,78,2946
184,doodoori2,78,2296
185,(JohnSeo),78,1104
186,seongjaelee,77,2331
187,(sungjinlee),77,1846
188,sukjoony,77,1698
189,seaguy,77,1504
190,ironlung,77,1095
191,Shongky,77,891
192,ch81.song,77,354
193,birmjin.in,77,128
194,moon020416,77,4
195,raymundo,76,2600
196,hothead,75,3040
197,nateburchell,75,2344
198,songsungkyun,75,2021
199,bingoo,75,2016
200,littlechun4,75,2006
201,solmonk,75,1617
202,ltdtl,75,1582
203,박상건,75,1022
204,YunGoon,75,268
205,zartoven,74,2691
206,vamf12,74,2543
207,kunbam09,74,1053
208,(bbaa1155),74,832
209,(gs13057),74,209
210,insany,73,2866
211,dkim90,73,1950
212,xoguslwkd,73,606
213,Oscillator,72,3421
214,trif,72,1837
215,hnjang810,72,1101
216,aleph0,72,979
217,NewPython,72,692
218,Corea,72,522
219,ssangkong,72,442
220,delfino4,72,69
221,drh,71,2974
222,motoko,71,2725
223,perryrage,71,2072
224,shwlinux,71,1670
225,jykim,71,1348
226,tapiko,71,1036
227,seul,71,773
228,proburner,71,689
229,aeromind,71,275
230,ntopia,70,3472
231,newshake,70,2960
232,jupiter7,70,1404
233,dpp5411,70,1298
234,naldo,70,888
235,changhoon,69,3038
236,sonsworld,69,2177
237,mnbv,69,1890
238,pomtech,69,1757
239,steloflute,69,1730
240,milkiss,69,1042
241,Ephemera,69,857
242,Peacemiki,69,832
243,dincal,69,497
244,rmsrk33,69,158
245,wandookong,69,134
246,dreamsboat,69,23
247,sirgrey,68,3685
248,uzhao,68,1924
249,byturn,68,1845
250,hacysean,68,1529
251,JAYS,68,1426
252,caooeep,68,1317
253,philmasterplus,68,1285
254,eminency,68,751
255,(hsm6911),68,664
256,(nersery),68,655
257,jihunroh-python,68,41
258,Chulho-Song,67,3409
259,fort726,67,3009
260,(posithinks),67,2431
261,blue9057,67,2203
262,gnitemouse,67,2025
263,ideale,67,1807
264,(soharu1024),67,1764
265,ibato,67,1633
266,heemin32,67,1569
267,thebarbershop,67,611
268,(ikisis),67,59
269,nomadlife,67,0
270,ILyoan,66,3008
271,flaugh,66,2130
272,combacsa,66,2025
273,(lemonkr),66,2021
274,StarNK,66,1650
275,irisagfe,66,1185
276,hylee,66,1074
277,greatstone,66,969
278,laytotayl,65,3189
279,gs10107,65,2443
280,yxp30,65,1616
281,bookman01,65,1163
282,cguy2000,65,925
283,espring,65,451
284,nonblock,65,214
285,deity,65,205
286,Eclipse412,64,1782
287,cramade,64,1349
288,(yeori),64,823
289,kreateark,64,584
290,eltmzhsj,64,250
291,sherhy,64,230
292,krieiter,63,2027
293,sukwoo49,63,1799
294,kchhero,63,1522
295,wsh0509,63,1260
296,jooyunghan,63,995
297,Veckal,63,638
298,(ZTZEROS),63,616
299,jacealan,63,137
300,calvados,62,2321
301,comkiwer,62,2045
302,(kismp123),62,1663
303,swchoi06,62,1507
304,arcadia88,62,956
305,runnie0427,62,719
306,aviness,62,710
307,jw.jung,62,627
308,boyboyhoo,62,358
309,legend12,61,3867
310,oky,61,3163
311,i274,61,1515
312,JongMan,61,1141
313,hiparkgss,61,177
314,TaeYoung,60,2699
315,boredashell99,60,2566
316,bst1206,60,1609
317,coprime,60,1419
318,optatum,60,1191
319,zxcxz7,60,901
320,fanoyong,60,562
321,tyamazaki,60,560
322,lasher247,60,367
323,ssico7,60,360
324,totworld,59,2696
325,brp-matlab,59,1837
326,MagicalOrb,59,1765
327,protos37,59,1203
328,zephyr9,59,239
329,Holics,58,2398
330,(mighty93),58,1503
331,hakenstock,58,1355
332,(tintin5108),58,1249
333,unbing,57,3110
334,jhyun95,57,1813
335,siscos,57,1771
336,(jaehaaheaj),57,397
337,greatkes,56,3055
338,wildartist,56,3020
339,yojo1000,56,2951
340,ruwin126,56,2501
341,zidarn,56,2400
342,akmakk,56,2394
343,asimov79,56,2243
344,m.Shin,56,2020
345,(rynn5419),56,1634
346,(lkkpou),56,1316
347,luxewiz,56,567
348,qwe6580,56,208
349,mohenjo,56,30
350,kang249,55,3393
351,indrazit,55,1828
352,yeonseung.kim,55,1351
353,(DarkAngel),55,1312
354,yimjy1996,55,1193
355,(raifthenerd),55,128
356,shuvh,54,3306
357,shurain,54,3071
358,hongjun7,54,2550
359,Clatue,54,2439
360,(tjyoo73),54,353
361,bits_and_scraps,54,295
362,(yyc9268),54,60
363,samerook,53,3058
364,dbcat,53,2915
365,seoleda,53,2365
366,Mastojun,53,2354
367,yielding,53,2051
368,ruunak,53,1819
369,yunskim,53,1688
370,rhs0266,53,1335
371,etoilebleu06,53,1245
372,hyunhwan,53,1149
373,AmorEtSpero,53,1059
374,16spark1,53,143
375,dish,52,3351
376,ejholic,52,3279
377,codejack,52,3195
378,deisys,52,2911
379,yoloseem,52,1149
380,(albert_park),52,1056
381,yangjy0113,52,999
382,thumb,52,728
383,viciousagent86,52,372
384,john3374,51,2800
385,sinjimua,51,2700
386,singleheart,51,2066
387,boldragon,51,1866
388,sven_,51,1770
389,(spyrogira256),51,1691
390,eva0071,51,1616
391,glastonbury,51,1597
392,greentec,51,1568
393,ybjeon01,51,1064
394,(jins02),51,976
395,john-scarlet,51,787
396,hjl1595,51,748
397,freewild,51,262
398,Yearning,51,59
399,RisingCrow,50,4085
400,wmftsa,50,3036
401,Informatica_Kim,50,2877
402,kenjin2202,50,2731
403,isAir,50,2090
404,(ff0610),50,2008
405,nhw119,50,1924
406,seunghyun,50,1908
407,Leftium,50,1843
408,akalidos,50,1371
409,jacgyver,50,1191
410,sablime,50,892
411,hoonnhun,50,593
412,shephexd,50,509
413,wishsky02,50,297
414,(ssu2016rex),50,160
415,dawnok2,49,3748
416,jms7446,49,3207
417,mysanal,49,2694
418,A.I,49,2346
419,(syyim),49,2280
420,keysu,49,2108
421,anto5710,49,800
422,keiasz,49,262
423,tubeworm,48,3459
424,inkyu,48,2338
425,codevania,48,2075
426,kjlucid,48,1529
427,irondog,48,1435
428,reiphiel,48,1104
429,mookeun,48,877
430,parkkiung123,48,622
431,(gomcheol),48,171
432,demian51,47,3484
433,bupjae,47,3182
434,Legendre,47,1888
435,(hssuh),47,1252
436,kipa00,47,1252
437,Pekaz,47,99
438,(eudemonicjh),47,93
439,csk1103,46,1850
440,sorry,46,1802
441,(kjk6463),46,1588
442,(choi101104),46,895
443,hwj8963,46,542
444,paosder,46,425
445,(junnyboy2008),46,324
446,toolofthought,46,24
447,eju,45,3596
448,threec,45,2868
449,phg,45,2435
450,btakeya,45,2398
451,bakaas,45,2295
452,k09wang,45,2236
453,(dino1251),45,1829
454,ermaker,45,1790
455,geehoon,45,1760
456,ybbarng,45,1522
457,toyun,45,515
458,ohwi,45,136
459,iljimae,45,34
460,kimyj63,44,2944
461,changwoo,44,2092
462,linkoffate,44,1984
463,taej0127,44,896
464,(simon61),44,845
465,dyh7557,44,654
466,whdnddh,44,602
467,nas90120,44,428
468,kimdaye,44,312
469,zcxcasd,43,2282
470,sru,43,1408
471,polaris340,43,695
472,hum369,43,70
473,namejames91,42,2588
474,salqueng,42,1430
475,prime73,42,1109
476,jaeankr,42,519
477,hjlee,42,409
478,jnzs,41,3324
479,yongyeol,41,3110
480,zplanet,41,2924
481,Violet716,41,2675
482,jmpabu,41,2550
483,karekano777,41,2395
484,sooshia,41,872
485,moonbk81,41,764
486,koosaga,41,642
487,ydh0110,41,340
488,(hwane918),40,1749
489,evil872,40,1692
490,(gs13105),40,1551
491,allurecat,40,1502
492,spikewj,40,986
493,fourwingsy,40,950
494,narsis_07,40,159
495,Rica,39,3869
496,jinho,39,3264
497,zolac,39,3059
498,Sky77,39,2443
499,bluekyu,39,1923
500,kangbosun,39,1601
501,(biscuit_03),39,1079
502,aha00a,39,522
503,(aj.haru.kim),39,299
504,(ludi685),39,103
505,icomkid,38,2933
506,ihl7029,38,2828
507,lymose,38,2763
508,bdh92123,38,2665
509,anlogo,38,2644
510,jscsmk,38,2443
511,juno1990ahn,38,2183
512,taeminhong,38,1516
513,(seungheeye),38,1034
514,yeon,38,989
515,jongyoonl,38,129
516,impress313,38,1
517,wisang,37,2379
518,synthdnb,37,1599
519,hokma,37,919
520,ygy7084,37,806
521,coozplz,37,763
522,yskim,36,3350
523,jandee1115,36,3306
524,mondo,36,2928
525,driverB,36,2470
526,baesah,36,2356
527,Alslayer,36,1983
528,karvens,36,1951
529,dpddaniel95,36,1822
530,zetice,36,1761
531,Minji,36,1668
532,xbfld,36,1608
533,comemail,36,1552
534,ahnhyungseo,36,1506
535,dayrainbow94,36,1413
536,AMUMU,36,717
537,hyeongyu,36,527
538,ent25d27,36,216
539,umkek,35,3673
540,jskim,35,3251
541,keating,35,3043
542,BaeJin,35,2008
543,my1989,35,2005
544,ohyecloudy,35,1865
545,Kivoloid,35,1714
546,kevin0960,35,1628
547,Backspe,35,1500
548,lucendo,35,1274
549,bkangel,35,1270
550,c0untd0wn,35,1099
551,mani3769,35,504
552,gaten,35,374
553,crymini,35,356
554,yongwoon,34,3056
555,ishtori,34,2024
556,liquorice_,34,1856
557,(jikim99),34,1818
558,nacyot,34,1660
559,(antest_1),34,1603
560,kernel0,34,1379
561,(jyh1124),34,1137
562,ksyou496usa,34,850
563,scmaro,34,808
564,jongwoo315,34,369
565,pmon2648,34,222
566,nablon,34,17
567,normit,33,3443
568,ezid,33,3141
569,YuhoChu,33,3031
570,Informatica_Ns,33,2606
571,blueless0804,33,2529
572,bwh620,33,2476
573,snowall,33,2369
574,(boohyunkim),33,2167
575,aproxacs,33,2005
576,(nonfrench),33,1816
577,tugisuwon,33,1807
578,(leemyungheon),33,1616
579,nkcyj,33,1354
580,x86kernel,33,1261
581,Rio_kaizen,32,2747
582,Angel1004,32,2457
583,(lastcig),32,2381
584,(PuReumKang),32,2079
585,(dongwon412),32,1839
586,mstone81,32,1831
587,kwzhang,32,1433
588,JanAson,32,1280
589,eungkwon,32,1211
590,(minq.park),32,945
591,gijun0102,32,862
592,vernus,32,739
593,(pakcw0),32,138
594,KimXeno,31,3386
595,ToePeu,31,3341
596,wildjuno,31,2783
597,IOKLO,31,2390
598,lemma,31,2330
599,rinara_yu,31,2316
600,wnsdh14,31,2303
601,(pdcafe1),31,2103
602,(F.B),31,2079
603,The.King.of.Korea,31,1802
604,(sywon),31,1782
605,shaegis,31,1406
606,myhb9188,31,1092
607,LEEEEEEEEEE,31,1044
608,wisdroid,31,1020
609,tssads,31,1020
610,jayong93,31,1011
611,controller,31,981
612,ChihoWon,31,615
613,yechanny90,31,514
614,yous,31,321
615,altria0528,31,286
616,megi3dec,31,232
617,dalbom,30,3296
618,kenjin2201,30,2984
619,qesone,30,2940
620,zeroxy,30,2736
621,seotos,30,2699
622,litzrsh,30,2361
623,cat1729,30,1801
624,sjyoon,30,1717
625,bloodt,30,1669
626,(azyu),30,1611
627,oysiya,30,1570
628,zedoul,30,1400
629,(rohjoon),30,1308
630,angelosck,30,1060
631,hckhck,30,497
632,greengaguri,30,243
633,SilverCube,30,176
634,mortarkombat,30,32
635,pyvid_jsl,30,4
636,hellodj,29,3413
637,ayanami9306,29,3064
638,realnemesis,29,2684
639,kimchiman,29,2436
640,yongsung.kang,29,2391
641,(Pjw1999),29,2305
642,kjwkjw,29,462
643,(AladeenIII),29,61
644,adex1248,29,60
645,kwangrim.ahn,29,18
646,jsryu21,28,3242
647,bjseo1986,28,3080
648,mykenoein,28,2197
649,kylejung,28,2088
650,yjroot,28,2088
651,e9t,28,1990
652,(powereyes),28,1848
653,gs13073,28,1719
654,(xenon054),28,1626
655,gmltjd0911,28,1600
656,hics33,28,898
657,yongduek,28,875
658,akachun,28,570
659,kurishin,28,187
660,starwatcherkiwi,28,142
661,voidreamy,27,3469
662,anyzen,27,2932
663,Nerevar,27,2915
664,kiho,27,2796
665,kall,27,2506
666,jechira,27,2462
667,serishan,27,1865
668,mathicalee,27,1662
669,bongya,27,1519
670,itugs,27,1032
671,ohj6452,27,713
672,-_-a,27,658
673,wnwo9037,27,582
674,sonsidal,27,385
675,beomjin.lee,27,334
676,lovewiz,26,3589
677,har,26,3419
678,yhkim,26,3317
679,eunjung,26,3213
680,cancho,26,2682
681,(Jy Bae),26,2393
682,NeverWash,26,2267
683,juneaftn,26,2141
684,swook,26,2007
685,rEgonicS,26,1971
686,pslave1,26,1180
687,elijah6,26,1177
688,Gubug,26,1123
689,Salmonjoon,26,1103
690,zoshs7,26,1101
691,geekjun,26,1095
692,ysj9867,26,969
693,rjuny1996,26,929
694,kunsu,26,928
695,dikenande,26,861
696,ingyu1008,26,570
697,jaywalnut310,26,365
698,y3pbg,26,339
699,co7799,26,325
700,kurukaka,26,307
701,nmsheeboy007,26,183
702,myshlee417,26,163
703,deukmo,25,3918
704,shinddo,25,3647
705,three023,25,3640
706,teenage-life,25,3479
707,melongi2,25,3120
708,aberaber11,25,2913
709,S.K.Lee,25,2751
710,Informatica_phraust1612,25,2568
711,woontae,25,2534
712,msnletsgo,25,2317
713,yoojh12,25,2203
714,(TaekminKim),25,1969
715,jcseo1028,25,1895
716,raspuna,25,1715
717,w2ok78,25,1224
718,SGIL,25,1221
719,amudoan,25,940
720,(w200kr),25,913
721,ysjee95,25,549
722,algo_rithm,25,474
723,hoonho97,25,419
724,masya,25,392
725,dyxogus,25,224
726,windows,25,176
727,baru,25,117
728,wipkis,25,112
729,(a41798175),25,79
730,rubymix,25,21
